event_id,attendee_id
e101,a384
e101,a490
e101,a648
e101,a374
e101,a501
e101,a783
e101,a987
e101,a387
e101,a144
e101,a145
e101,a417
e101,a560
e101,a258
e101,a846
e101,a802
e101,a735
e101,a511
e102,a797
e103,a361
e103,a711
e103,a182
e103,a490
e103,a908
e104,a36
e104,a696
e105,a439
e105,a763
e105,a890
e105,a375
e105,a446
e105,a113
e105,a862
e105,a160
e106,a651
e106,a996
e106,a800
e106,a123
e106,a256
e106,a618
e106,a13
e106,a915
e106,a558
e106,a581
e106,a674
e106,a17
e106,a498
e106,a324
e106,a168
e106,a528
e106,a288
e106,a943
e106,a320
e106,a372
e106,a367
e106,a228
e106,a28
e106,a421
e107,a357
e107,a318
e107,a663
e107,a475
e107,a909
e107,a54
e107,a924
e107,a925
e107,a53
e107,a140
e107,a123
e107,a883
e107,a188
e107,a199
e107,a872
e107,a810
e107,a86
e107,a365
e107,a92
e108,a712
e108,a150
e108,a722
e108,a817
e108,a812
e109,a962
e109,a507
e109,a238
e109,a267
e109,a341
e109,a607
e109,a83
e109,a646
e109,a511
e109,a476
e109,a966
e109,a281
e109,a515
e109,a945
e109,a490
e109,a795
e109,a838
e109,a263
e109,a410
e109,a666
e109,a836
e109,a124
e109,a942
e109,a931
e109,a25
e110,a888
e110,a753
e110,a853
e110,a905
e110,a414
e110,a521
e110,a964
e110,a273
e110,a501
e110,a869
e110,a907
e110,a440
e110,a780
e110,a496
e110,a131
e110,a12
e110,a194
e110,a584
e110,a636
e110,a419
e110,a777
e110,a629
e110,a433
e110,a343
e110,a690
e111,a780
e111,a993
e111,a155
e111,a854
e111,a793
e111,a329
e111,a209
e111,a228
e111,a614
e111,a737
e111,a194
e111,a506
e111,a229
e111,a537
e111,a364
e111,a259
e111,a272
e111,a212
e111,a110
e111,a289
e112,a386
e112,a210
e112,a754
e112,a180
e112,a935
e112,a619
e112,a127
e112,a519
e112,a218
e112,a725
e112,a570
e112,a666
e112,a288
e113,a362
e113,a934
e113,a828
e113,a278
e113,a476
e113,a851
e113,a702
e113,a18
e113,a633
e113,a399
e113,a658
e113,a387
e113,a242
e113,a539
e113,a431
e113,a811
e113,a194
e113,a550
e113,a547
e114,a946
e114,a339
e114,a811
e114,a772
e114,a169
e114,a471
e114,a485
e114,a9
e114,a949
e114,a450
e114,a835
e114,a213
e114,a953
e114,a528
e114,a997
e114,a386
e114,a851
e114,a765
e114,a19
e114,a409
e114,a755
e114,a448
e114,a236
e114,a380
e114,a86
e115,a593
e115,a551
e115,a17
e115,a395
e115,a165
e115,a201
e115,a426
e115,a60
e116,a719
e116,a675
e116,a271
e116,a976
e116,a585
e116,a578
e116,a27
e116,a216
e116,a854
e116,a41
e117,a366
e117,a684
e117,a405
e117,a759
e117,a919
e117,a69
e117,a380
e117,a15
e117,a410
e117,a407
e117,a449
e117,a330
e117,a833
e117,a376
e117,a658
e117,a194
e117,a976
e117,a100
e117,a356
e117,a354
e117,a17
e117,a230
e117,a397
e118,a781
e118,a686
e118,a882
e118,a138
e118,a300
e118,a358
e118,a549
e118,a933
e118,a121
e118,a283
e118,a193
e118,a981
e118,a281
e118,a407
e118,a691
e119,a307
e119,a629
e119,a896
e119,a595
e119,a524
e119,a975
e119,a217
e119,a744
e119,a571
e119,a254
e119,a314
e119,a775
e119,a110
e119,a654
e119,a191
e119,a241
e119,a265
e119,a651
e119,a6
e119,a178
e119,a855
e119,a236
e119,a268
e119,a686
e120,a458
e120,a894
e120,a27
e120,a886
e120,a524
e120,a691
e120,a625
e120,a44
e121,a941
e121,a649
e121,a852
e121,a35
e122,a191
e122,a14
e122,a27
e122,a433
e122,a278
e122,a914
e122,a9
e122,a909
e122,a275
e122,a422
e122,a436
e122,a217
e122,a142
e122,a36
e122,a818
e123,a729
e123,a263
e123,a327
e123,a412
e123,a670
e123,a770
e123,a243
e123,a669
e124,a173
e124,a324
e124,a590
e124,a348
e124,a277
e124,a598
e124,a790
e124,a649
e124,a117
e124,a877
e124,a832
e124,a549
e125,a710
e125,a811
e125,a881
e125,a439
e125,a286
e125,a901
e125,a559
e125,a185
e125,a361
e125,a935
e125,a114
e125,a867
e125,a638
e125,a309
e125,a965
e125,a944
e125,a462
e125,a504
e125,a939
e125,a306
e125,a346
e125,a341
e125,a12
e126,a846
e126,a842
e126,a632
e126,a495
e126,a901
e126,a907
e126,a661
e126,a550
e126,a186
e126,a99
e126,a343
e126,a190
e126,a645
e126,a918
e126,a989
e126,a59
e126,a802
e126,a768
e126,a932
e127,a125
e127,a314
e127,a361
e127,a258
e127,a114
e127,a812
e127,a880
e127,a952
e127,a310
e127,a693
e127,a19
e127,a882
e128,a694
e128,a934
e128,a721
e128,a115
e128,a457
e128,a948
e128,a911
e128,a665
e128,a837
e128,a584
e128,a122
e128,a830
e128,a996
e128,a207
e128,a928
e129,a202
e129,a290
e129,a40
e129,a859
e129,a134
e129,a208
e129,a336
e129,a20
e129,a672
e129,a813
e129,a712
e130,a719
e130,a275
e130,a155
e130,a505
e130,a578
e130,a282
e130,a139
e130,a174
e130,a230
e130,a289
e130,a391
e130,a994
e130,a294
e130,a638
e130,a847
e130,a494
e130,a465
e130,a409
e131,a690
e131,a598
e131,a367
e131,a107
e131,a640
e131,a827
e131,a732
e131,a809
e131,a570
e131,a622
e131,a716
e131,a729
e131,a905
e131,a832
e131,a240
e131,a921
e131,a270
e131,a756
e131,a364
e131,a235
e131,a499
e131,a351
e132,a815
e132,a527
e132,a958
e132,a946
e132,a225
e132,a145
e132,a550
e132,a792
e132,a446
e132,a564
e132,a708
e132,a895
e132,a81
e132,a226
e132,a866
e132,a625
e132,a268
e132,a162
e132,a301
e133,a742
e133,a46
e133,a731
e133,a677
e133,a513
e133,a550
e133,a468
e133,a867
e133,a40
e133,a488
e133,a884
e133,a755
e133,a538
e133,a806
e133,a753
e133,a571
e133,a76
e134,a198
e134,a537
e134,a431
e134,a236
e134,a523
e134,a470
e134,a421
e134,a571
e134,a573
e134,a64
e134,a520
e134,a908
e134,a98
e134,a674
e134,a138
e134,a360
e134,a700
e134,a346
e134,a459
e135,a483
e135,a166
e135,a41
e135,a811
e135,a194
e135,a969
e135,a337
e135,a328
e135,a825
e136,a418
e136,a986
e136,a227
e136,a924
e137,a736
e138,a588
e138,a881
e138,a937
e138,a966
e138,a465
e138,a529
e138,a614
e138,a231
e138,a960
e138,a993
e138,a226
e138,a384
e138,a16
e138,a185
e138,a897
e138,a537
e138,a41
e138,a253
e138,a483
e138,a882
e138,a958
e139,a582
e139,a218
e139,a441
e139,a620
e139,a822
e140,a629
e141,a718
e141,a207
e141,a823
e141,a794
e141,a472
e141,a134
e141,a266
e141,a586
e142,a216
e142,a505
e142,a776
e142,a194
e142,a162
e142,a561
e142,a805
e142,a824
e142,a312
e142,a765
e142,a680
e142,a667
e142,a110
e142,a549
e142,a423
e143,a820
e143,a568
e143,a649
e143,a951
e143,a693
e143,a833
e143,a676
e143,a106
e143,a652
e143,a466
e143,a481
e143,a264
e143,a495
e143,a126
e144,a208
e144,a904
e144,a610
e144,a299
e144,a215
e144,a911
e144,a506
e144,a623
e144,a269
e144,a718
e144,a7
e144,a372
e144,a876
e144,a686
e144,a49
e144,a61
e144,a655
e144,a524
e144,a914
e144,a368
e144,a105
e144,a407
e145,a696
e145,a331
e145,a624
e145,a776
e145,a582
e145,a952
e145,a38
e145,a844
e145,a511
e145,a889
e145,a701
e145,a636
e145,a687
e145,a292
e145,a52
e145,a314
e145,a470
e145,a991
e145,a780
e145,a974
e145,a748
e145,a147
e145,a504
e145,a395
e146,a139
e146,a454
e146,a471
e146,a57
e146,a437
e146,a2
e146,a192
e147,a481
e147,a233
e147,a227
e147,a256
e147,a791
e147,a468
e147,a348
e147,a254
e147,a52
e147,a972
e147,a617
e147,a23
e147,a735
e147,a899
e147,a502
e147,a32
e148,a769
e148,a376
e148,a149
e148,a804
e148,a358
e148,a791
e148,a904
e148,a279
e148,a798
e148,a35
e148,a924
e148,a421
e148,a100
e148,a923
e149,a878
e149,a557
e149,a230
e150,a580
e150,a46
e150,a763
e150,a956
e150,a977
e150,a390
e150,a583
e150,a512
e151,a706
e151,a196
e151,a524
e151,a772
e151,a987
e151,a362
e151,a192
e151,a101
e151,a436
e151,a587
e151,a607
e151,a518
e151,a496
e151,a405
e151,a532
e151,a48
e151,a635
e151,a7
e151,a279
e151,a15
e151,a424
e151,a583
e151,a124
e152,a477
e152,a461
e152,a359
e152,a265
e152,a305
e152,a847
e152,a3
e152,a821
e152,a41
e153,a395
e153,a609
e153,a639
e153,a119
e153,a798
e153,a78
e153,a543
e153,a189
e153,a35
e153,a905
e153,a30
e154,a555
e154,a462
e154,a534
e154,a57
e154,a444
e154,a426
e154,a672
e154,a921
e154,a701
e154,a415
e154,a385
e154,a828
e154,a245
e154,a731
e154,a311
e154,a664
e154,a976
e154,a742
e154,a956
e154,a529
e154,a643
e154,a997
e154,a109
e154,a491
e155,a732
e155,a838
e155,a816
e155,a614
e155,a618
e155,a43
e155,a567
e155,a108
e155,a118
e155,a818
e155,a751
e155,a954
e156,a794
e156,a505
e156,a285
e156,a567
e157,a877
e157,a763
e157,a497
e157,a71
e157,a969
e157,a726
e157,a197
e157,a562
e157,a651
e157,a774
e157,a542
e157,a204
e157,a614
e157,a452
e157,a1
e158,a796
e158,a494
e158,a189
e158,a785
e158,a609
e158,a304
e158,a992
e158,a690
e158,a228
e158,a839
e158,a414
e158,a371
e158,a38
e158,a64
e158,a988
e158,a286
e158,a290
e158,a335
e158,a337
e159,a799
e159,a100
e159,a462
e159,a170
e159,a139
e159,a12
e159,a966
e159,a88
e159,a152
e159,a745
e159,a121
e159,a970
e159,a575
e159,a298
e159,a58
e159,a187
e159,a258
e159,a968
e159,a98
e159,a380
e159,a193
e159,a465
e159,a419
e160,a271
e161,a482
e161,a860
e161,a806
e161,a77
e161,a227
e161,a656
e161,a465
e161,a736
e161,a696
e161,a571
e161,a549
e161,a125
e161,a49
e161,a662
e161,a616
e161,a639
e161,a613
e161,a305
e162,a58
e162,a839
e162,a142
e162,a710
e162,a906
e162,a294
e162,a858
e162,a888
e162,a203
e162,a178
e162,a542
e162,a729
e162,a486
e162,a257
e162,a946
e162,a651
e162,a797
e162,a376
e162,a526
e162,a961
e162,a660
e162,a847
e163,a604
e163,a406
e163,a541
e163,a400
e163,a198
e163,a294
e163,a250
e163,a772
e163,a208
e163,a292
e163,a238
e163,a983
e163,a506
e163,a371
e163,a630
e163,a976
e163,a240
e164,a105
e164,a116
e164,a790
e164,a588
e164,a496
e164,a689
e164,a379
e164,a640
e165,a179
e165,a747
e165,a961
e165,a380
e165,a207
e165,a541
e165,a443
e166,a289
e166,a69
e166,a559
e166,a586
e166,a308
e166,a700
e167,a392
e167,a951
e167,a71
e167,a722
e167,a653
e167,a624
e167,a659
e167,a695
e167,a509
e168,a183
e169,a602
e169,a717
e169,a981
e169,a188
e169,a348
e169,a597
e169,a787
e169,a65
e169,a720
e169,a373
e169,a386
e169,a772
e169,a724
e169,a460
e169,a947
e169,a904
e169,a690
e169,a577
e169,a178
e169,a729
e169,a531
e169,a739
e169,a415
e169,a208
e169,a663
e170,a264
e170,a746
e170,a706
e170,a443
e170,a940
e170,a581
e170,a95
e170,a540
e170,a588
e170,a428
e170,a345
e170,a416
e170,a135
e170,a763
e170,a105
e170,a51
e170,a253
e170,a856
e170,a302
e170,a377
e171,a121
e171,a768
e171,a599
e171,a564
e171,a949
e171,a848
e171,a354
e171,a187
e171,a237
e171,a156
e171,a267
e171,a582
e171,a434
e171,a448
e171,a551
e172,a489
e172,a176
e172,a408
e172,a298
e172,a983
e172,a310
e172,a201
e172,a873
e172,a765
e173,a481
e173,a473
e173,a646
e173,a503
e173,a435
e173,a165
e173,a432
e173,a456
e173,a395
e173,a901
e173,a97
e173,a848
e173,a171
e173,a829
e173,a48
e173,a163
e173,a164
e173,a7
e173,a194
e173,a349
e173,a854
e173,a130
e173,a567
e174,a556
e174,a126
e174,a812
e174,a923
e174,a964
e174,a185
e174,a494
e174,a313
e174,a823
e174,a862
e174,a962
e174,a579
e175,a953
e175,a37
e175,a789
e175,a385
e175,a560
e175,a489
e175,a752
e175,a710
e176,a227
e176,a201
e176,a210
e176,a535
e176,a825
e176,a278
e176,a393
e176,a258
e176,a438
e176,a843
e176,a359
e176,a922
e176,a406
e176,a545
e176,a368
e176,a178
e176,a945
e177,a342
e177,a103
e177,a67
e177,a123
e178,a234
e178,a375
e178,a212
e178,a821
e178,a318
e178,a302
e178,a804
e179,a561
e179,a658
e179,a347
e179,a1
e180,a254
e180,a724
e180,a372
e180,a415
e180,a700
e180,a671
e180,a194
e180,a659
e180,a785
e180,a24
e180,a43
e180,a477
e180,a973
e180,a427
e180,a855
e180,a717
e180,a399
e180,a609
e180,a894
e180,a134
e180,a95
e180,a839
e180,a774
e180,a955
e180,a475
e181,a189
e181,a889
e181,a646
e181,a486
e181,a5
e181,a234
e181,a771
e181,a289
e181,a287
e181,a8
e181,a306
e181,a704
e182,a458
e182,a570
e182,a944
e182,a475
e182,a868
e182,a698
e182,a949
e182,a984
e182,a808
e182,a178
e182,a761
e182,a381
e182,a828
e182,a364
e182,a272
e182,a190
e182,a200
e182,a442
e182,a55
e182,a354
e182,a639
e182,a769
e183,a810
e183,a91
e184,a550
e184,a801
e184,a751
e184,a319
e184,a500
e184,a652
e184,a358
e184,a121
e185,a610
e185,a627
e185,a496
e185,a659
e185,a427
e185,a832
e185,a907
e185,a815
e185,a133
e185,a724
e185,a291
e185,a467
e185,a618
e185,a699
e185,a813
e185,a250
e185,a633
e185,a461
e185,a669
e185,a719
e185,a108
e185,a741
e185,a403
e185,a179
e185,a910
e186,a258
e186,a572
e186,a614
e187,a546
e187,a927
e187,a944
e187,a406
e187,a184
e187,a366
e187,a153
e187,a6
e187,a146
e187,a375
e187,a416
e187,a165
e187,a845
e187,a112
e187,a684
e187,a970
e187,a458
e187,a72
e187,a859
e187,a515
e187,a533
e188,a870
e188,a163
e188,a263
e188,a857
e188,a737
e188,a940
e189,a440
e189,a796
e189,a359
e189,a30
e189,a490
e189,a258
e189,a644
e189,a855
e189,a493
e189,a355
e189,a977
e189,a192
e189,a790
e189,a65
e189,a946
e189,a149
e189,a426
e189,a601
e189,a973
e189,a879
e190,a696
e191,a234
e192,a232
e192,a98
e193,a536
e193,a282
e193,a194
e193,a351
e193,a768
e193,a663
e193,a221
e193,a315
e193,a396
e193,a630
e193,a717
e193,a699
e193,a568
e193,a732
e193,a902
e193,a612
e194,a917
e194,a281
e194,a217
e194,a565
e194,a143
e194,a553
e194,a344
e194,a118
e194,a762
e194,a2
e194,a498
e194,a746
e194,a67
e194,a171
e194,a800
e195,a151
e195,a844
e195,a552
e196,a938
e196,a390
e196,a220
e196,a877
e196,a81
e196,a205
e197,a857
e197,a210
e197,a767
e197,a83
e197,a840
e197,a264
e197,a47
e197,a42
e197,a594
e197,a355
e197,a71
e197,a569
e197,a107
e197,a760
e198,a960
e198,a117
e198,a35
e198,a258
e199,a800
e199,a324
e199,a268
e199,a814
e199,a382
e199,a518
e199,a266
e199,a869
e199,a925
e199,a186
e199,a402
e199,a811
e199,a874
e199,a641
e199,a706
e199,a916
e199,a694
e199,a781
e200,a721
e200,a580
e200,a714
e200,a689
e200,a335
e200,a463
e200,a737
e200,a496
e200,a716
e200,a702
e200,a860
e200,a916
e200,a256
e200,a78
e200,a204
e200,a200
e200,a53
e200,a519
e200,a104
